{
  "precision": 0.801,
  "recall": 0.882888888888889,
  "f1": 0.8333015873015872
}