model,cause_macro_f1,service_macro_f1,severity_macro_f1,action_macro_f1,full_exact,evidence_f1
RoBERTa (distilroberta-base),0.7039938556067588,0.18646616541353384,0.12871287128712872,0.7497287897287898,0.06666666666666667,0.8771266540642723
